ID,SGPA_2,Credits_2
23031A0101,6.69,19.5
23031A0102,0.0,13.5
23031A0103,6.31,19.5
23031A0104,0.0,13.5
23031A0105,0.0,5.5
23031A0106,6.74,19.5
23031A0107,6.59,19.5
23031A0108,7.97,19.5
23031A0109,0.0,16.5
23031A0110,7.31,19.5
23031A0111,0.0,7.5
23031A0112,0.0,10.5
23031A0113,0.0,13.5
23031A0114,0.0,16.5
23031A0115,0.0,16.5
23031A0116,0.0,16.5
23031A0117,0.0,15.5
23031A0118,0.0,10.5
23031A0120,6.74,19.5
23031A0121,6.97,19.5
23031A0122,0.0,16.5
23031A0123,6.36,19.5
23031A0124,0.0,10.5
23031A0125,0.0,6.5
23031A0126,0.0,13.5
23031A0127,6.51,19.5
23031A0128,0.0,13.5
23031A0129,6.64,19.5
23031A0130,0.0,13.5
23031A0201,0.0,17.5
23031A0202,0.0,14.5
23031A0203,5.98,20.5
23031A0204,0.0,8.5
23031A0205,6.85,20.5
23031A0206,6.2,20.5
23031A0207,5.98,20.5
23031A0208,0.0,17.5
23031A0209,0.0,11.5
23031A0210,7.54,20.5
23031A0211,8.39,20.5
23031A0212,0.0,17.5
23031A0213,7.07,20.5
23031A0214,6.71,20.5
23031A0215,6.15,20.5
23031A0216,6.63,20.5
23031A0217,0.0,11.5
23031A0218,0.0,5.5
23031A0219,0.0,5.5
23031A0220,6.05,20.5
23031A0221,0.0,17.5
23031A0222,0.0,17.5
23031A0223,6.22,20.5
23031A0224,6.24,20.5
23031A0225,6.44,20.5
23031A0226,6.98,20.5
23031A0227,0.0,14.5
23031A0228,7.27,20.5
23031A0229,0.0,17.5
23031A0230,0.0,11.5
23031A0231,7.27,20.5
23031A0232,0.0,14.5
23031A0233,0.0,17.5
23031A0234,6.49,20.5
23031A0235,6.59,20.5
23031A0237,6.46,20.5
23031A0238,0.0,5.5
23031A0240,5.95,20.5
23031A0241,7.0,20.5
23031A0242,0.0,14.5
23031A0243,7.39,20.5
23031A0244,0.0,17.5
23031A0245,0.0,14.5
23031A0246,0.0,17.5
23031A0247,0.0,17.5
23031A0248,6.71,20.5
23031A0301,6.64,19.5
23031A0303,6.62,19.5
23031A0304,0.0,16.5
23031A0305,0.0,10.5
23031A0306,0.0,10.5
23031A0307,0.0,16.5
23031A0308,0.0,16.5
23031A0309,6.0,19.5
23031A0310,0.0,10.5
23031A0312,6.54,19.5
23031A0313,0.0,13.5
23031A0314,0.0,13.5
23031A0315,0.0,16.5
23031A0317,7.03,19.5
23031A0318,0.0,10.5
23031A0319,6.67,19.5
23031A0320,0.0,13.5
23031A0321,6.49,19.5
23031A0322,6.44,19.5
23031A0324,7.08,19.5
23031A0325,6.95,19.5
23031A0326,0.0,13.5
23031A0327,6.79,19.5
23031A0328,6.74,19.5
23031A0329,0.0,13.5
23031A0330,0.0,16.5
23031A0331,6.33,19.5
23031A0332,0.0,10.5
23031A0401,0.0,16.5
23031A0402,7.44,19.5
23031A0403,0.0,16.5
23031A0404,7.74,19.5
23031A0405,6.62,19.5
23031A0406,8.0,19.5
23031A0407,7.46,19.5
23031A0408,6.44,19.5
23031A0409,7.05,19.5
23031A0410,0.0,16.5
23031A0411,8.77,19.5
23031A0412,7.03,19.5
23031A0413,0.0,13.5
23031A0414,7.33,19.5
23031A0415,8.79,19.5
23031A0416,8.21,19.5
23031A0417,6.77,19.5
23031A0418,6.87,19.5
23031A0419,7.08,19.5
23031A0421,6.64,19.5
23031A0422,6.9,19.5
23031A0423,7.79,19.5
23031A0424,6.13,19.5
23031A0425,0.0,13.5
23031A0426,7.74,19.5
23031A0428,7.33,19.5
23031A0429,7.85,19.5
23031A0430,7.0,19.5
23031A0431,6.21,19.5
23031A0432,6.31,19.5
23031A0433,7.0,19.5
23031A0434,7.85,19.5
23031A0435,8.44,19.5
23031A0437,6.87,19.5
23031A0438,7.38,19.5
23031A0439,7.44,19.5
23031A0440,8.0,19.5
23031A0441,6.67,19.5
23031A0442,7.54,19.5
23031A0443,6.82,19.5
23031A0444,8.77,19.5
23031A0445,7.67,19.5
23031A0446,7.18,19.5
23031A0447,7.97,19.5
23031A0448,7.38,19.5
23031A0449,7.36,19.5
23031A0450,7.64,19.5
23031A0451,6.49,19.5
23031A0452,7.92,19.5
23031A0453,7.38,19.5
23031A0454,7.82,19.5
23031A0455,6.0,19.5
23031A0456,9.0,19.5
23031A0457,8.97,19.5
23031A0458,0.0,10.5
23031A0459,6.51,19.5
23031A0501,7.71,20.5
23031A0502,8.05,20.5
23031A0503,8.12,20.5
23031A0504,9.54,20.5
23031A0505,7.9,20.5
23031A0506,7.07,20.5
23031A0507,0.0,17.5
23031A0508,7.41,20.5
23031A0509,6.29,20.5
23031A0510,6.98,20.5
23031A0511,6.9,20.5
23031A0512,7.51,20.5
23031A0513,7.46,20.5
23031A0514,8.0,20.5
23031A0515,8.15,20.5
23031A0516,8.39,20.5
23031A0517,0.0,17.5
23031A0518,7.46,20.5
23031A0519,8.46,20.5
23031A0520,6.88,20.5
23031A0521,7.51,20.5
23031A0522,8.12,20.5
23031A0523,7.07,20.5
23031A0524,9.0,20.5
23031A0525,7.76,20.5
23031A0526,8.32,20.5
23031A0527,7.49,20.5
23031A0528,0.0,14.5
23031A0529,8.34,20.5
23031A0530,8.68,20.5
23031A0531,8.59,20.5
23031A0532,8.56,20.5
23031A0533,6.44,20.5
23031A0534,8.34,20.5
23031A0535,6.83,20.5
23031A0536,6.51,20.5
23031A0537,9.2,20.5
23031A0538,8.41,20.5
23031A0539,8.12,20.5
23031A0540,7.02,20.5
23031A0541,8.68,20.5
23031A0542,6.07,20.5
23031A0543,8.12,20.5
23031A0544,8.05,20.5
23031A0545,7.95,20.5
23031A0546,8.54,20.5
23031A0547,6.83,20.5
23031A0548,8.39,20.5
23031A0549,8.56,20.5
23031A0550,7.46,20.5
23031A0551,7.17,20.5
23031A0552,7.02,20.5
23031A0553,8.59,20.5
23031A0554,7.73,20.5
