ID,SGPA_1,Credits_1,SGPA_2,Credits_2,SGPA_3,Credits_3,SGPA_4,Credits_4,SGPA_5,Credits_5,Total Credits,Average CGPA
23031A0101,5.98,20.5,6.69,19.5,6.8,20.0,6.79,21.0,7.41,23.0,104.0,6.75
23031A0102,0.0,8.5,0.0,13.5,0.0,17.0,0.0,15.0,0.0,17.0,71.0,0.0
23031A0103,6.51,20.5,6.31,19.5,6.72,20.0,6.88,21.0,7.54,23.0,104.0,6.82
23031A0104,0.0,17.5,0.0,13.5,0.0,17.0,0.0,15.0,6.39,23.0,86.0,0.0
23031A0105,0.0,5.5,0.0,5.5,0.0,8.0,0.0,15.0,,,34.0,0.0
23031A0106,0.0,17.5,6.74,19.5,6.98,20.0,7.52,21.0,8.52,23.0,101.0,0.0
23031A0107,6.49,20.5,6.59,19.5,7.2,20.0,6.64,21.0,7.67,23.0,104.0,6.94
23031A0108,6.9,20.5,7.97,19.5,7.35,20.0,6.98,21.0,8.41,23.0,104.0,7.54
23031A0109,5.83,20.5,0.0,16.5,6.12,20.0,6.52,21.0,0.0,20.0,98.0,0.0
23031A0110,7.1,20.5,7.31,19.5,7.5,20.0,7.95,21.0,8.78,23.0,104.0,7.76
23031A0111,0.0,11.5,0.0,7.5,0.0,14.0,0.0,18.0,0.0,0.0,51.0,0.0
23031A0112,6.0,20.5,0.0,10.5,6.25,20.0,0.0,12.0,7.26,23.0,86.0,0.0
23031A0113,7.44,20.5,0.0,13.5,7.18,20.0,7.95,21.0,9.04,23.0,98.0,0.0
23031A0114,0.0,14.5,0.0,16.5,6.5,20.0,0.0,18.0,6.87,23.0,92.0,0.0
23031A0115,0.0,17.5,0.0,16.5,6.28,20.0,6.86,21.0,7.65,23.0,98.0,0.0
23031A0116,0.0,14.5,0.0,16.5,6.48,20.0,0.0,15.0,7.09,23.0,89.0,0.0
23031A0117,0.0,17.5,0.0,15.5,5.88,20.0,6.43,21.0,7.22,23.0,97.0,0.0
23031A0118,0.0,8.5,0.0,10.5,0.0,11.0,0.0,12.0,0.0,14.0,56.0,0.0
23031A0119,0.0,14.5,,,,,,,,,14.5,0.0
23031A0120,6.73,20.5,6.74,19.5,7.12,20.0,7.4,21.0,8.43,23.0,104.0,7.32
23031A0121,6.85,20.5,6.97,19.5,7.35,20.0,7.86,21.0,8.85,23.0,104.0,7.61
23031A0122,6.34,20.5,0.0,16.5,7.05,20.0,7.74,21.0,7.91,23.0,101.0,0.0
23031A0123,6.73,20.5,6.36,19.5,6.8,20.0,6.88,21.0,7.3,23.0,104.0,6.83
23031A0124,0.0,11.5,0.0,10.5,0.0,17.0,0.0,15.0,6.83,23.0,77.0,0.0
23031A0125,0.0,5.5,0.0,6.5,0.0,14.0,0.0,15.0,0.0,8.0,49.0,0.0
23031A0126,0.0,14.5,0.0,13.5,6.4,20.0,7.55,21.0,7.43,23.0,92.0,0.0
23031A0127,7.17,20.5,6.51,19.5,7.42,20.0,7.79,21.0,7.83,23.0,104.0,7.37
23031A0128,0.0,14.5,0.0,13.5,6.65,20.0,0.0,18.0,7.17,23.0,89.0,0.0
23031A0129,7.0,20.5,6.64,19.5,7.42,20.0,7.21,21.0,7.63,23.0,104.0,7.19
23031A0130,0.0,14.5,0.0,13.5,0.0,11.0,0.0,15.0,0.0,17.0,71.0,0.0
23031A0201,6.85,19.5,0.0,17.5,0.0,17.0,6.64,21.0,0.0,15.5,90.5,0.0
23031A0202,0.0,16.5,0.0,14.5,6.6,20.0,6.57,21.0,6.63,23.0,95.0,0.0
23031A0203,6.41,19.5,5.98,20.5,5.9,20.0,6.17,21.0,5.83,23.0,104.0,6.05
23031A0204,0.0,7.5,0.0,8.5,0.0,3.5,,,,,19.5,0.0
23031A0205,8.08,19.5,6.85,20.5,7.38,20.0,7.31,21.0,6.87,23.0,104.0,7.28
23031A0206,6.77,19.5,6.2,20.5,6.98,20.0,7.55,21.0,7.15,23.0,104.0,6.94
23031A0207,6.23,19.5,5.98,20.5,6.12,20.0,6.55,21.0,0.0,20.0,101.0,0.0
23031A0208,0.0,16.5,0.0,17.5,0.0,14.0,6.26,21.0,0.0,21.5,90.5,0.0
23031A0209,0.0,16.5,0.0,11.5,0.0,17.0,6.36,21.0,0.0,12.5,78.5,0.0
23031A0210,8.05,19.5,7.54,20.5,7.7,20.0,7.19,21.0,0.0,17.0,98.0,0.0
23031A0211,8.49,19.5,8.39,20.5,8.35,20.0,8.29,21.0,8.26,23.0,104.0,8.35
23031A0212,6.67,19.5,0.0,17.5,0.0,17.0,6.95,21.0,6.67,23.0,98.0,0.0
23031A0213,7.44,19.5,7.07,20.5,7.28,20.0,7.33,21.0,0.0,20.0,101.0,0.0
23031A0214,7.18,19.5,6.71,20.5,6.05,20.0,6.48,21.0,0.0,20.0,101.0,0.0
23031A0215,7.0,19.5,6.15,20.5,6.68,20.0,7.05,21.0,0.0,20.0,101.0,0.0
23031A0216,6.33,19.5,6.63,20.5,6.68,20.0,6.48,21.0,6.78,23.0,104.0,6.59
23031A0217,0.0,16.5,0.0,11.5,0.0,17.0,6.07,21.0,0.0,20.0,86.0,0.0
23031A0218,6.28,19.5,0.0,5.5,0.0,17.0,6.12,21.0,0.0,17.0,80.0,0.0
23031A0219,0.0,9.5,0.0,5.5,0.0,8.0,0.0,12.0,,,35.0,0.0
23031A0220,0.0,16.5,6.05,20.5,6.2,20.0,0.0,18.0,0.0,17.0,92.0,0.0
23031A0221,0.0,13.5,0.0,17.5,5.68,20.0,6.45,21.0,0.0,17.0,89.0,0.0
23031A0222,0.0,16.5,0.0,17.5,6.0,20.0,0.0,18.0,0.0,20.0,92.0,0.0
23031A0223,6.9,19.5,6.22,20.5,6.3,20.0,7.19,21.0,6.48,23.0,104.0,6.62
23031A0224,7.85,19.5,6.24,20.5,6.42,20.0,6.98,21.0,0.0,20.0,101.0,0.0
23031A0225,7.18,19.5,6.44,20.5,7.22,20.0,7.29,21.0,7.54,23.0,104.0,7.14
23031A0226,7.49,19.5,6.98,20.5,7.15,20.0,7.48,21.0,7.93,23.0,104.0,7.42
23031A0227,0.0,15.5,0.0,14.5,5.78,20.0,0.0,19.0,0.0,20.0,89.0,0.0
23031A0228,7.36,19.5,7.27,20.5,6.62,20.0,7.19,21.0,7.11,23.0,104.0,7.11
23031A0229,7.18,19.5,0.0,17.5,6.15,20.0,6.5,21.0,6.37,23.0,101.0,0.0
23031A0230,0.0,16.5,0.0,11.5,0.0,11.0,0.0,18.0,,,57.0,0.0
23031A0231,8.62,19.5,7.27,20.5,8.2,20.0,8.24,21.0,8.22,23.0,104.0,8.11
23031A0232,0.0,16.5,0.0,14.5,0.0,14.0,0.0,18.0,0.0,14.0,77.0,0.0
23031A0233,6.46,19.5,0.0,17.5,6.22,20.0,6.5,21.0,0.0,17.0,95.0,0.0
23031A0234,6.26,19.5,6.49,20.5,6.45,20.0,6.6,21.0,6.15,23.0,104.0,6.39
23031A0235,6.69,19.5,6.59,20.5,7.45,20.0,7.19,21.0,6.61,23.0,104.0,6.9
23031A0237,6.64,19.5,6.46,20.5,6.3,20.0,7.0,21.0,6.46,23.0,104.0,6.57
23031A0238,0.0,16.5,0.0,5.5,0.0,9.5,0.0,18.0,0.0,19.0,68.5,0.0
23031A0240,7.31,19.5,5.95,20.5,7.18,20.0,0.0,18.0,7.35,23.0,101.0,0.0
23031A0241,7.21,19.5,7.0,20.5,7.05,20.0,7.62,21.0,7.43,23.0,104.0,7.27
23031A0242,6.41,19.5,0.0,14.5,0.0,17.0,0.0,18.0,6.54,23.0,92.0,0.0
23031A0243,7.51,19.5,7.39,20.5,7.6,20.0,7.33,21.0,0.0,20.0,101.0,0.0
23031A0244,6.28,19.5,0.0,17.5,6.15,20.0,7.02,21.0,0.0,20.0,98.0,0.0
23031A0245,0.0,16.5,0.0,14.5,0.0,17.0,6.38,21.0,0.0,11.0,80.0,0.0
23031A0246,0.0,18.5,0.0,17.5,6.3,20.0,0.0,15.0,6.3,23.0,94.0,0.0
23031A0247,0.0,16.5,0.0,17.5,0.0,17.0,0.0,15.0,0.0,11.0,77.0,0.0
23031A0248,6.77,19.5,6.71,20.5,6.6,20.0,7.45,21.0,6.5,23.0,104.0,6.8
23031A0301,6.41,20.5,6.64,19.5,7.65,20.0,6.93,21.0,0.0,17.0,98.0,0.0
23031A0302,0.0,17.5,,,,,,,,,17.5,0.0
23031A0303,7.0,20.5,6.62,19.5,7.38,20.0,6.76,21.0,7.28,23.0,104.0,7.02
23031A0304,0.0,17.5,0.0,16.5,0.0,17.0,0.0,18.0,0.0,20.0,89.0,0.0
23031A0305,0.0,5.5,0.0,10.5,0.0,17.0,0.0,12.0,0.0,20.0,65.0,0.0
23031A0306,0.0,5.5,0.0,10.5,0.0,9.0,0.0,7.0,0.0,7.0,39.0,0.0
23031A0307,6.44,20.5,0.0,16.5,6.98,20.0,0.0,18.0,0.0,20.0,95.0,0.0
23031A0308,0.0,14.5,0.0,16.5,6.15,20.0,0.0,18.0,0.0,17.0,86.0,0.0
23031A0309,0.0,17.5,6.0,19.5,6.68,20.0,6.74,21.0,6.85,23.0,101.0,0.0
23031A0310,5.95,20.5,0.0,10.5,6.18,20.0,0.0,15.0,6.67,23.0,89.0,0.0
23031A0311,0.0,4.0,,,,,,,,,4.0,0.0
23031A0312,0.0,17.5,6.54,19.5,6.38,20.0,6.31,21.0,0.0,20.0,98.0,0.0
23031A0313,5.76,20.5,0.0,13.5,0.0,17.0,0.0,15.0,0.0,17.0,83.0,0.0
23031A0314,0.0,14.5,0.0,13.5,0.0,17.0,0.0,15.0,0.0,17.0,77.0,0.0
23031A0315,0.0,17.5,0.0,16.5,6.68,20.0,6.45,21.0,7.09,23.0,98.0,0.0
23031A0317,0.0,17.5,7.03,19.5,6.98,20.0,6.31,21.0,0.0,12.0,90.0,0.0
23031A0318,0.0,14.5,0.0,10.5,0.0,17.0,0.0,18.0,6.28,23.0,83.0,0.0
23031A0319,6.02,20.5,6.67,19.5,6.48,20.0,0.0,18.0,7.07,23.0,101.0,0.0
23031A0320,0.0,17.5,0.0,13.5,0.0,17.0,0.0,15.0,0.0,20.0,83.0,0.0
23031A0321,6.44,20.5,6.49,19.5,7.38,20.0,7.26,21.0,0.0,17.0,98.0,0.0
23031A0322,6.56,20.5,6.44,19.5,6.62,20.0,6.86,21.0,7.02,23.0,104.0,6.71
23031A0324,6.68,20.5,7.08,19.5,8.1,20.0,7.81,21.0,8.3,23.0,104.0,7.61
23031A0325,6.71,20.5,6.95,19.5,7.55,20.0,7.81,21.0,0.0,20.0,101.0,0.0
23031A0326,0.0,11.5,0.0,13.5,6.48,20.0,6.4,21.0,0.0,20.0,86.0,0.0
23031A0327,6.46,20.5,6.79,19.5,6.6,20.0,7.19,21.0,7.41,23.0,104.0,6.91
23031A0328,6.22,20.5,6.74,19.5,6.98,20.0,6.69,21.0,7.26,23.0,104.0,6.79
23031A0329,0.0,17.5,0.0,13.5,6.55,20.0,0.0,18.0,7.15,23.0,92.0,0.0
23031A0330,0.0,14.5,0.0,16.5,6.78,20.0,6.81,21.0,0.0,20.0,92.0,0.0
23031A0331,6.32,20.5,6.33,19.5,6.42,20.0,0.0,18.0,0.0,20.0,98.0,0.0
23031A0332,0.0,14.5,0.0,10.5,6.6,20.0,0.0,15.0,0.0,20.0,80.0,0.0
23031A0401,6.1,20.5,0.0,16.5,6.62,20.0,0.0,18.0,0.0,20.0,95.0,0.0
23031A0402,7.12,20.5,7.44,19.5,7.65,20.0,8.1,21.0,8.24,23.0,104.0,7.73
23031A0403,6.39,20.5,0.0,16.5,6.5,20.0,6.45,21.0,7.57,23.0,101.0,0.0
23031A0404,6.41,20.5,7.74,19.5,7.3,20.0,7.07,21.0,7.85,23.0,104.0,7.28
23031A0405,7.29,20.5,6.62,19.5,6.25,20.0,6.14,21.0,7.07,23.0,104.0,6.68
23031A0406,7.15,20.5,8.0,19.5,7.28,20.0,7.36,21.0,7.89,23.0,104.0,7.54
23031A0407,6.93,20.5,7.46,19.5,6.28,20.0,6.29,21.0,7.35,23.0,104.0,6.87
23031A0408,6.59,20.5,6.44,19.5,6.6,20.0,0.0,18.0,7.22,23.0,101.0,0.0
23031A0409,7.0,20.5,7.05,19.5,6.52,20.0,6.17,21.0,6.98,23.0,104.0,6.75
23031A0410,0.0,17.5,0.0,16.5,6.5,20.0,6.05,21.0,6.65,23.0,98.0,0.0
23031A0411,8.02,20.5,8.77,19.5,8.35,20.0,7.43,21.0,7.96,23.0,104.0,8.09
23031A0412,7.07,20.5,7.03,19.5,0.0,17.0,6.14,21.0,7.52,23.0,101.0,0.0
23031A0413,0.0,17.5,0.0,13.5,0.0,14.0,0.0,15.0,6.85,23.0,83.0,0.0
23031A0414,7.27,20.5,7.33,19.5,7.1,20.0,6.76,21.0,7.57,23.0,104.0,7.21
23031A0415,8.44,20.5,8.79,19.5,8.38,20.0,8.24,21.0,8.11,23.0,104.0,8.38
23031A0416,7.88,20.5,8.21,19.5,7.35,20.0,7.19,21.0,7.87,23.0,104.0,7.7
23031A0417,0.0,19.0,6.77,19.5,7.42,20.0,,,,,58.5,0.0
23031A0418,6.83,20.5,6.87,19.5,6.5,20.0,6.74,21.0,7.39,23.0,104.0,6.88
23031A0419,6.41,20.5,7.08,19.5,0.0,17.0,0.0,15.0,6.78,23.0,95.0,0.0
23031A0421,6.41,20.5,6.64,19.5,6.72,20.0,6.38,21.0,6.91,23.0,104.0,6.62
23031A0422,6.49,20.5,6.9,19.5,6.72,20.0,5.74,21.0,7.04,23.0,104.0,6.58
23031A0423,6.63,20.5,7.79,19.5,7.42,20.0,6.6,21.0,7.72,23.0,104.0,7.23
23031A0424,0.0,17.5,6.13,19.5,0.0,14.0,0.0,18.0,6.87,23.0,92.0,0.0
23031A0425,6.29,20.5,0.0,13.5,0.0,11.0,0.0,12.0,0.0,17.0,74.0,0.0
23031A0426,7.41,20.5,7.74,19.5,6.65,20.0,6.0,21.0,7.98,23.0,104.0,7.17
23031A0427,7.61,20.5,,,,,,,,,20.5,0.0
23031A0428,6.8,20.5,7.33,19.5,6.65,20.0,7.14,21.0,8.28,23.0,104.0,7.27
23031A0429,7.68,20.5,7.85,19.5,8.1,20.0,7.71,21.0,7.89,23.0,104.0,7.85
23031A0430,7.41,20.5,7.0,19.5,6.8,20.0,7.5,21.0,7.76,23.0,104.0,7.31
23031A0431,6.27,20.5,6.21,19.5,0.0,17.0,0.0,18.0,0.0,20.0,95.0,0.0
23031A0432,6.41,20.5,6.31,19.5,6.05,20.0,6.12,21.0,6.98,23.0,104.0,6.39
23031A0433,6.41,20.5,7.0,19.5,6.75,20.0,7.4,21.0,7.52,23.0,104.0,7.03
23031A0434,7.54,20.5,7.85,19.5,7.65,20.0,7.62,21.0,7.7,23.0,104.0,7.67
23031A0435,7.24,20.5,8.44,19.5,7.8,20.0,7.55,21.0,7.83,23.0,104.0,7.77
23031A0437,5.93,20.5,6.87,19.5,6.2,20.0,6.0,21.0,6.93,23.0,104.0,6.39
23031A0438,7.02,20.5,7.38,19.5,7.05,20.0,7.36,21.0,7.52,23.0,104.0,7.27
23031A0439,7.68,20.5,7.44,19.5,6.95,20.0,7.14,21.0,7.76,23.0,104.0,7.4
23031A0440,7.73,20.5,8.0,19.5,7.38,20.0,7.29,21.0,8.35,23.0,104.0,7.76
23031A0441,6.56,20.5,6.67,19.5,5.98,20.0,0.0,18.0,0.0,20.0,98.0,0.0
23031A0442,7.12,20.5,7.54,19.5,7.25,20.0,7.02,21.0,7.63,23.0,104.0,7.32
23031A0443,7.15,20.5,6.82,19.5,0.0,17.0,6.05,21.0,7.46,23.0,101.0,0.0
23031A0444,7.98,20.5,8.77,19.5,8.02,20.0,7.83,21.0,8.89,23.0,104.0,8.31
23031A0445,8.22,20.5,7.67,19.5,7.68,20.0,7.93,21.0,9.28,23.0,104.0,8.19
23031A0446,6.73,20.5,7.18,19.5,7.45,20.0,7.02,21.0,7.59,23.0,104.0,7.2
23031A0447,8.46,20.5,7.97,19.5,7.58,20.0,7.9,21.0,8.24,23.0,104.0,8.04
23031A0448,7.0,20.5,7.38,19.5,6.42,20.0,6.36,21.0,7.2,23.0,104.0,6.87
23031A0449,6.22,20.5,7.36,19.5,6.38,20.0,7.4,21.0,7.65,23.0,104.0,7.02
23031A0450,7.83,20.5,7.64,19.5,8.55,20.0,8.52,21.0,8.65,23.0,104.0,8.25
23031A0451,0.0,17.5,6.49,19.5,6.52,20.0,0.0,18.0,7.22,23.0,98.0,0.0
23031A0452,6.83,20.5,7.92,19.5,6.28,20.0,5.98,21.0,7.04,23.0,104.0,6.8
23031A0453,6.41,20.5,7.38,19.5,7.78,20.0,7.67,21.0,8.37,23.0,104.0,7.54
23031A0454,7.34,20.5,7.82,19.5,7.55,20.0,7.83,21.0,7.78,23.0,104.0,7.67
23031A0455,6.85,20.5,6.0,19.5,6.58,20.0,6.21,21.0,6.85,23.0,104.0,6.51
23031A0456,7.27,20.5,9.0,19.5,8.43,20.0,7.83,21.0,8.96,23.0,104.0,8.3
23031A0457,8.46,20.5,8.97,19.5,7.9,20.0,8.24,21.0,9.0,23.0,104.0,8.52
23031A0458,0.0,17.5,0.0,10.5,0.0,8.0,0.0,15.0,0.0,11.0,62.0,0.0
23031A0459,7.17,20.5,6.51,19.5,6.72,20.0,6.36,21.0,6.65,23.0,104.0,6.68
23031A0501,8.26,19.5,7.71,20.5,6.92,20.0,7.26,21.0,8.89,23.0,104.0,7.83
23031A0502,7.74,19.5,8.05,20.5,7.02,20.0,7.38,21.0,7.83,23.0,104.0,7.61
23031A0503,8.85,19.5,8.12,20.5,6.4,20.0,6.88,21.0,7.17,23.0,104.0,7.47
23031A0504,9.21,19.5,9.54,20.5,8.65,20.0,9.67,21.0,8.96,23.0,104.0,9.2
23031A0505,7.62,19.5,7.9,20.5,6.6,20.0,6.33,21.0,0.0,17.0,98.0,0.0
23031A0506,7.13,19.5,7.07,20.5,6.38,20.0,0.0,18.0,0.0,20.0,98.0,0.0
23031A0507,7.9,19.5,0.0,17.5,0.0,12.0,,,,,49.0,0.0
23031A0508,7.64,19.5,7.41,20.5,7.02,20.0,7.14,21.0,7.35,23.0,104.0,7.31
23031A0509,5.97,19.5,6.29,20.5,5.75,20.0,6.19,21.0,0.0,17.0,98.0,0.0
23031A0510,6.41,19.5,6.98,20.5,6.35,20.0,6.55,21.0,8.09,23.0,104.0,6.91
23031A0511,7.64,19.5,6.9,20.5,6.88,20.0,7.24,21.0,8.09,23.0,104.0,7.37
23031A0512,7.08,19.5,7.51,20.5,6.42,20.0,7.17,21.0,7.52,23.0,104.0,7.15
23031A0513,7.62,19.5,7.46,20.5,7.5,20.0,7.9,21.0,8.43,23.0,104.0,7.8
23031A0514,7.77,19.5,8.0,20.5,7.18,20.0,7.69,21.0,8.5,23.0,104.0,7.85
23031A0515,8.56,19.5,8.15,20.5,8.32,20.0,8.57,21.0,8.63,23.0,104.0,8.45
23031A0516,8.36,19.5,8.39,20.5,8.3,20.0,8.98,21.0,8.96,23.0,104.0,8.61
23031A0517,8.18,19.5,0.0,17.5,6.9,20.0,6.67,21.0,7.11,23.0,101.0,0.0
23031A0518,7.44,19.5,7.46,20.5,6.32,20.0,7.02,21.0,8.57,23.0,104.0,7.39
23031A0519,8.79,19.5,8.46,20.5,7.85,20.0,7.95,21.0,8.37,23.0,104.0,8.28
23031A0520,7.31,19.5,6.88,20.5,0.0,14.0,6.48,21.0,0.0,14.0,89.0,0.0
23031A0521,7.56,19.5,7.51,20.5,7.1,20.0,8.02,21.0,7.83,23.0,104.0,7.61
23031A0522,8.33,19.5,8.12,20.5,6.9,20.0,7.88,21.0,8.61,23.0,104.0,7.98
23031A0523,6.79,19.5,7.07,20.5,0.0,17.0,0.0,18.0,0.0,20.0,95.0,0.0
23031A0524,8.85,19.5,9.0,20.5,8.02,20.0,8.95,21.0,9.41,23.0,104.0,8.86
23031A0525,8.51,19.5,7.76,20.5,7.4,20.0,8.48,21.0,8.76,23.0,104.0,8.2
23031A0526,8.62,19.5,8.32,20.5,8.2,20.0,8.57,21.0,9.22,23.0,104.0,8.6
23031A0527,7.31,19.5,7.49,20.5,7.85,20.0,7.71,21.0,8.24,23.0,104.0,7.74
23031A0528,0.0,16.5,0.0,14.5,,,,,,,31.0,0.0
23031A0529,8.74,19.5,8.34,20.5,7.28,20.0,8.1,21.0,8.3,23.0,104.0,8.15
23031A0530,8.77,19.5,8.68,20.5,8.8,20.0,9.24,21.0,8.96,23.0,104.0,8.89
23031A0531,8.62,19.5,8.59,20.5,7.95,20.0,8.38,21.0,9.35,23.0,104.0,8.6
23031A0532,8.92,19.5,8.56,20.5,8.28,20.0,9.0,21.0,8.5,23.0,104.0,8.65
23031A0533,7.38,19.5,6.44,20.5,0.0,17.0,6.45,21.0,6.85,23.0,101.0,0.0
23031A0534,8.1,19.5,8.34,20.5,8.1,20.0,7.74,21.0,8.02,23.0,104.0,8.06
23031A0535,7.08,19.5,6.83,20.5,6.58,20.0,7.0,21.0,7.61,23.0,104.0,7.04
23031A0536,7.05,19.5,6.51,20.5,7.0,20.0,7.0,21.0,8.11,23.0,104.0,7.16
23031A0537,8.67,19.5,9.2,20.5,7.5,20.0,8.57,21.0,8.63,23.0,104.0,8.52
23031A0538,8.05,19.5,8.41,20.5,8.48,20.0,8.83,21.0,9.26,23.0,104.0,8.63
23031A0539,7.54,19.5,8.12,20.5,7.18,20.0,7.81,21.0,8.93,23.0,104.0,7.95
23031A0540,7.72,19.5,7.02,20.5,7.25,20.0,7.19,21.0,8.3,23.0,104.0,7.51
23031A0541,8.82,19.5,8.68,20.5,7.9,20.0,8.88,21.0,8.41,23.0,104.0,8.54
23031A0542,6.77,19.5,6.07,20.5,0.0,9.0,,,,,49.0,0.0
23031A0543,8.95,19.5,8.12,20.5,7.85,20.0,9.12,21.0,9.22,23.0,104.0,8.67
23031A0544,8.41,19.5,8.05,20.5,7.02,20.0,7.24,21.0,8.48,23.0,104.0,7.85
23031A0545,8.0,19.5,7.95,20.5,7.78,20.0,8.05,21.0,8.43,23.0,104.0,8.05
23031A0546,8.28,19.5,8.54,20.5,7.88,20.0,8.55,21.0,8.28,23.0,104.0,8.31
23031A0547,7.1,19.5,6.83,20.5,6.72,20.0,7.48,21.0,7.7,23.0,104.0,7.18
23031A0548,9.26,19.5,8.39,20.5,8.4,20.0,8.81,21.0,9.02,23.0,104.0,8.78
23031A0549,8.36,19.5,8.56,20.5,8.52,20.0,8.36,21.0,8.83,23.0,104.0,8.53
23031A0550,7.49,19.5,7.46,20.5,6.65,20.0,7.6,21.0,8.02,23.0,104.0,7.46
23031A0551,6.87,19.5,7.17,20.5,7.4,20.0,7.79,21.0,8.78,23.0,104.0,7.64
23031A0552,7.31,19.5,7.02,20.5,6.55,20.0,6.57,21.0,8.48,23.0,104.0,7.22
23031A0553,9.26,19.5,8.59,20.5,8.8,20.0,8.9,21.0,9.09,23.0,104.0,8.93
23031A0554,7.72,19.5,7.73,20.5,6.9,20.0,7.83,21.0,7.85,23.0,104.0,7.62
24035A0101,,,,,6.98,20.0,7.14,21.0,7.54,23.0,64.0,7.23
24035A0102,,,,,7.28,20.0,7.86,21.0,7.91,23.0,64.0,7.7
24035A0103,,,,,7.42,20.0,7.83,21.0,8.11,23.0,64.0,7.8
24035A0104,,,,,8.95,20.0,8.81,21.0,8.5,23.0,64.0,8.74
24035A0105,,,,,8.25,20.0,8.07,21.0,8.8,23.0,64.0,8.39
24035A0106,,,,,7.72,20.0,7.88,21.0,7.8,23.0,64.0,7.8
24035A0107,,,,,7.88,20.0,8.21,21.0,8.26,23.0,64.0,8.12
24035A0108,,,,,8.25,20.0,8.29,21.0,8.72,23.0,64.0,8.43
24035A0109,,,,,7.2,20.0,7.52,21.0,8.28,23.0,64.0,7.69
24035A0110,,,,,7.95,20.0,7.9,21.0,8.54,23.0,64.0,8.15
24035A0111,,,,,7.98,20.0,9.05,21.0,8.98,23.0,64.0,8.69
24035A0112,,,,,6.98,20.0,7.26,21.0,7.76,23.0,64.0,7.35
24035A0113,,,,,7.58,20.0,7.55,21.0,8.33,23.0,64.0,7.84
24035A0114,,,,,6.82,20.0,7.33,21.0,8.2,23.0,64.0,7.48
24035A0115,,,,,7.58,20.0,7.67,21.0,8.65,23.0,64.0,7.99
24035A0116,,,,,7.58,20.0,8.74,21.0,8.59,23.0,64.0,8.32
24035A0117,,,,,8.18,20.0,8.26,21.0,8.39,23.0,64.0,8.28
24035A0118,,,,,0.0,14.0,0.0,18.0,7.0,23.0,55.0,0.0
24035A0119,,,,,7.72,20.0,7.55,21.0,7.87,23.0,64.0,7.72
24035A0120,,,,,7.42,20.0,8.14,21.0,8.7,23.0,64.0,8.12
24035A0122,,,,,7.8,20.0,8.12,21.0,8.89,23.0,64.0,8.3
24035A0123,,,,,6.38,20.0,6.69,21.0,0.0,20.0,61.0,0.0
24035A0124,,,,,6.68,20.0,0.0,18.0,0.0,20.0,58.0,0.0
24035A0125,,,,,7.35,20.0,8.29,21.0,8.11,23.0,64.0,7.93
24035A0126,,,,,7.2,20.0,7.57,21.0,8.15,23.0,64.0,7.66
24035A0127,,,,,8.8,20.0,8.95,21.0,8.7,23.0,64.0,8.81
24035A0128,,,,,7.42,20.0,7.86,21.0,8.13,23.0,64.0,7.82
24035A0129,,,,,8.95,20.0,8.57,21.0,8.91,23.0,64.0,8.81
24035A0131,,,,,7.08,20.0,8.05,21.0,7.57,23.0,64.0,7.57
24035A0132,,,,,7.98,20.0,8.26,21.0,8.26,23.0,64.0,8.17
24035A0133,,,,,6.42,20.0,6.48,21.0,7.35,23.0,64.0,6.77
24035A0134,,,,,7.88,20.0,8.83,21.0,8.83,23.0,64.0,8.53
24035A0135,,,,,7.58,20.0,7.4,21.0,8.76,23.0,64.0,7.95
24035A0137,,,,,6.28,20.0,0.0,18.0,7.17,23.0,61.0,0.0
24035A0201,,,,,7.98,20.0,7.67,21.0,8.09,23.0,64.0,7.92
24035A0202,,,,,6.3,20.0,6.62,21.0,7.52,23.0,64.0,6.84
24035A0203,,,,,7.5,20.0,7.55,21.0,7.83,23.0,64.0,7.63
24035A0204,,,,,7.52,20.0,8.0,21.0,8.33,23.0,64.0,7.97
24035A0205,,,,,6.62,20.0,6.93,21.0,7.35,23.0,64.0,6.98
24035A0206,,,,,0.0,17.0,6.62,21.0,6.72,23.0,61.0,0.0
24035A0207,,,,,7.9,20.0,7.88,21.0,7.57,23.0,64.0,7.77
24035A0208,,,,,6.85,20.0,7.62,21.0,7.63,23.0,64.0,7.38
24035A0209,,,,,6.92,20.0,7.19,21.0,7.28,23.0,64.0,7.14
24035A0210,,,,,7.75,20.0,7.86,21.0,7.89,23.0,64.0,7.84
24035A0211,,,,,0.0,0.0,,,,,0.0,0.0
24035A0212,,,,,7.2,20.0,7.88,21.0,8.48,23.0,64.0,7.88
24035A0213,,,,,6.75,20.0,7.24,21.0,6.85,23.0,64.0,6.95
24035A0214,,,,,6.52,20.0,6.55,21.0,6.8,23.0,64.0,6.63
24035A0215,,,,,6.82,20.0,7.05,21.0,7.33,23.0,64.0,7.08
24035A0216,,,,,8.2,20.0,8.19,21.0,8.35,23.0,64.0,8.25
24035A0217,,,,,7.35,20.0,8.02,21.0,8.33,23.0,64.0,7.92
24035A0218,,,,,8.72,20.0,8.74,21.0,8.48,23.0,64.0,8.64
24035A0219,,,,,7.6,20.0,7.74,21.0,7.65,23.0,64.0,7.66
24035A0221,,,,,7.22,20.0,7.45,21.0,7.74,23.0,64.0,7.48
24035A0301,,,,,7.7,20.0,8.38,21.0,8.13,23.0,64.0,8.08
24035A0302,,,,,7.92,20.0,7.31,21.0,7.61,23.0,64.0,7.61
24035A0303,,,,,6.6,20.0,6.5,21.0,0.0,17.0,58.0,0.0
24035A0304,,,,,7.08,20.0,0.0,18.0,6.67,23.0,61.0,0.0
24035A0305,,,,,7.48,20.0,0.0,18.0,7.33,23.0,61.0,0.0
24035A0306,,,,,6.52,20.0,0.0,18.0,0.0,20.0,58.0,0.0
24035A0307,,,,,8.4,20.0,8.05,21.0,8.65,23.0,64.0,8.38
24035A0308,,,,,7.58,20.0,7.71,21.0,0.0,17.0,58.0,0.0
24035A0309,,,,,8.35,20.0,8.14,21.0,8.48,23.0,64.0,8.33
24035A0310,,,,,7.08,20.0,6.38,21.0,7.15,23.0,64.0,6.88
24035A0311,,,,,7.22,20.0,7.26,21.0,8.13,23.0,64.0,7.56
24035A0312,,,,,7.48,20.0,7.52,21.0,8.15,23.0,64.0,7.73
24035A0313,,,,,8.18,20.0,8.24,21.0,8.28,23.0,64.0,8.24
24035A0314,,,,,7.22,20.0,7.17,21.0,7.87,23.0,64.0,7.44
24035A0315,,,,,7.4,20.0,7.24,21.0,7.8,23.0,64.0,7.49
24035A0316,,,,,7.02,20.0,7.62,21.0,8.22,23.0,64.0,7.65
24035A0317,,,,,7.6,20.0,7.86,21.0,8.59,23.0,64.0,8.04
24035A0318,,,,,6.6,20.0,0.0,18.0,7.22,23.0,61.0,0.0
24035A0319,,,,,7.15,20.0,6.6,21.0,7.3,23.0,64.0,7.02
24035A0320,,,,,7.85,20.0,7.71,21.0,8.2,23.0,64.0,7.93
24035A0321,,,,,6.82,20.0,6.57,21.0,6.93,23.0,64.0,6.78
24035A0322,,,,,7.08,20.0,6.67,21.0,7.11,23.0,64.0,6.96
24035A0323,,,,,8.0,20.0,8.38,21.0,8.57,23.0,64.0,8.33
24035A0324,,,,,7.9,20.0,8.14,21.0,8.13,23.0,64.0,8.06
24035A0325,,,,,7.02,20.0,7.55,21.0,8.15,23.0,64.0,7.6
24035A0326,,,,,6.72,20.0,6.98,21.0,7.65,23.0,64.0,7.14
24035A0327,,,,,7.6,20.0,7.43,21.0,8.2,23.0,64.0,7.76
24035A0328,,,,,8.1,20.0,7.38,21.0,8.39,23.0,64.0,7.97
24035A0329,,,,,7.1,20.0,7.05,21.0,8.07,23.0,64.0,7.43
24035A0330,,,,,7.85,20.0,7.07,21.0,8.09,23.0,64.0,7.68
24035A0331,,,,,0.0,0.0,,,,,0.0,0.0
24035A0332,,,,,8.25,20.0,7.76,21.0,8.61,23.0,64.0,8.22
24035A0333,,,,,7.55,20.0,7.43,21.0,7.7,23.0,64.0,7.56
24035A0334,,,,,7.6,20.0,8.1,21.0,8.43,23.0,64.0,8.06
24035A0335,,,,,7.62,20.0,7.38,21.0,8.28,23.0,64.0,7.78
24035A0336,,,,,7.7,20.0,7.4,21.0,7.8,23.0,64.0,7.64
24035A0401,,,,,7.7,20.0,7.4,21.0,9.09,23.0,64.0,8.1
24035A0402,,,,,7.8,20.0,8.38,21.0,9.0,23.0,64.0,8.42
24035A0403,,,,,7.78,20.0,7.76,21.0,8.48,23.0,64.0,8.03
24035A0404,,,,,7.92,20.0,8.43,21.0,8.28,23.0,64.0,8.22
24035A0405,,,,,6.42,20.0,6.29,21.0,6.93,23.0,64.0,6.56
24035A0406,,,,,6.82,20.0,6.83,21.0,7.96,23.0,64.0,7.23
24035A0407,,,,,7.62,20.0,7.33,21.0,8.02,23.0,64.0,7.67
24035A0408,,,,,7.7,20.0,7.71,21.0,7.67,23.0,64.0,7.69
24035A0409,,,,,8.52,20.0,8.02,21.0,8.96,23.0,64.0,8.51
24035A0410,,,,,6.58,20.0,7.83,21.0,8.5,23.0,64.0,7.68
24035A0411,,,,,7.55,20.0,6.45,21.0,7.52,23.0,64.0,7.18
24035A0412,,,,,8.88,20.0,8.76,21.0,8.96,23.0,64.0,8.87
24035A0413,,,,,8.48,20.0,8.05,21.0,8.89,23.0,64.0,8.49
24035A0501,,,,,8.1,20.0,8.38,21.0,8.83,23.0,64.0,8.45
24035A0502,,,,,7.95,20.0,8.33,21.0,8.5,23.0,64.0,8.27
24035A0503,,,,,7.92,20.0,8.29,21.0,7.91,23.0,64.0,8.04
24035A0504,,,,,8.05,20.0,8.76,21.0,9.3,23.0,64.0,8.73
24035A0505,,,,,8.48,20.0,8.48,21.0,9.09,23.0,64.0,8.7
24035A0506,,,,,7.95,20.0,9.02,21.0,9.54,23.0,64.0,8.87
24035A0507,,,,,7.3,20.0,7.55,21.0,7.91,23.0,64.0,7.6
24035A0508,,,,,7.7,20.0,8.29,21.0,8.33,23.0,64.0,8.12
24035A0509,,,,,7.5,20.0,7.52,21.0,8.04,23.0,64.0,7.7
24035A0510,,,,,8.18,20.0,7.9,21.0,9.35,23.0,64.0,8.51
24035A0511,,,,,8.1,20.0,8.14,21.0,9.02,23.0,64.0,8.44
24035A0512,,,,,6.88,20.0,8.14,21.0,7.85,23.0,64.0,7.64
24035A0513,,,,,8.1,20.0,8.52,21.0,8.83,23.0,64.0,8.5
24035A0514,,,,,6.1,20.0,6.48,21.0,7.52,23.0,64.0,6.73
24035A0515,,,,,8.45,20.0,8.76,21.0,9.02,23.0,64.0,8.76
24035A0516,,,,,0.0,17.0,6.24,21.0,0.0,16.5,54.5,0.0
